Head ROS,Back ROS,Flank ROS
1.08735e-18,1.08735e-18,-9.40549e-21
